# Host: localhost  (Version 5.5.5-10.4.11-MariaDB)
# Date: 2020-08-30 14:40:22
# Generator: MySQL-Front 6.0  (Build 2.20)


#
# Structure for table "category"
#

DROP TABLE IF EXISTS `category`;
CREATE TABLE `category` (
  `category_id` int(11) NOT NULL AUTO_INCREMENT,
  `category_name` varchar(50) NOT NULL,
  `category_created_at` timestamp NOT NULL DEFAULT current_timestamp(),
  `category_updated_at` timestamp NOT NULL DEFAULT current_timestamp(),
  `category_status` int(1) NOT NULL,
  PRIMARY KEY (`category_id`)
) ENGINE=InnoDB AUTO_INCREMENT=14 DEFAULT CHARSET=utf8mb4;

#
# Data for table "category"
#

INSERT INTO `category` VALUES (1,'Drinks','2020-08-12 21:56:58','2020-08-12 21:56:58',1),(2,'Foods','2020-08-12 22:04:59','2020-08-12 22:04:59',1),(3,'DRINKS FOODS','2020-08-12 22:05:54','2020-08-12 22:21:18',1),(5,'Foods Drinks ','2020-08-15 22:47:11','2020-08-15 22:47:11',0),(6,'Foods Drinks ','2020-08-23 22:24:35','2020-08-23 22:24:35',0),(7,'Foods Drinks ','2020-08-23 22:25:01','2020-08-23 22:25:01',0),(8,'Foods Drinks ','2020-08-23 22:25:19','2020-08-23 22:25:19',0),(9,'Foods Drinks ','2020-08-23 22:25:48','2020-08-23 22:25:48',0),(10,'Foods Drinks ','2020-08-23 22:26:47','2020-08-23 22:26:47',0),(11,'Foods Drinks ','2020-08-23 22:27:27','2020-08-23 22:27:27',0),(12,'Foods Drinks ','2020-08-23 22:27:37','2020-08-23 22:27:37',1),(13,' ','2020-08-23 22:28:04','2020-08-23 22:28:04',1);

#
# Structure for table "histories"
#

DROP TABLE IF EXISTS `histories`;
CREATE TABLE `histories` (
  `history_id` int(11) NOT NULL AUTO_INCREMENT,
  `history_invoice` int(11) NOT NULL,
  `history_subtotal` int(11) NOT NULL,
  `history_created_at` timestamp NOT NULL DEFAULT current_timestamp(),
  `history_updated_at` timestamp NOT NULL DEFAULT current_timestamp(),
  PRIMARY KEY (`history_id`)
) ENGINE=InnoDB AUTO_INCREMENT=132 DEFAULT CHARSET=utf8mb4;

#
# Data for table "histories"
#

INSERT INTO `histories` VALUES (1,1234,0,'2020-08-15 22:49:22','2020-08-15 22:49:22'),(2,786589,0,'2020-08-16 14:41:23','2020-08-16 14:41:23'),(3,15823,0,'2020-08-16 14:42:17','2020-08-16 14:42:17'),(4,14911,0,'2020-08-16 14:42:50','2020-08-16 14:42:50'),(5,14888,0,'2020-08-16 14:43:53','2020-08-16 14:43:53'),(6,11594,0,'2020-08-16 14:45:01','2020-08-16 14:45:01'),(7,12764,0,'2020-08-16 14:49:47','2020-08-16 14:49:47'),(8,14419,0,'2020-08-16 15:05:28','2020-08-16 15:05:28'),(9,13899,120000,'2020-08-16 15:06:05','2020-08-16 22:31:45'),(10,19524,0,'2020-08-16 15:24:34','2020-08-16 15:24:34'),(11,14147,0,'2020-08-16 16:28:58','2020-08-16 16:28:58'),(12,10072,0,'2020-08-16 16:30:15','2020-08-16 16:30:15'),(13,13196,0,'2020-08-16 16:41:18','2020-08-16 16:41:18'),(14,11096,0,'2020-08-16 16:43:52','2020-08-16 16:43:52'),(15,14357,0,'2020-08-16 16:45:43','2020-08-16 16:45:43'),(16,17591,0,'2020-08-16 16:46:02','2020-08-16 16:46:02'),(17,14871,0,'2020-08-16 20:05:21','2020-08-16 20:05:21'),(18,15884,0,'2020-08-16 20:06:46','2020-08-16 20:06:46'),(19,19194,20000,'2020-08-16 20:08:31','2020-08-16 22:32:35'),(20,14256,120000,'2020-08-16 20:09:22','2020-08-16 22:32:05'),(21,17866,0,'2020-08-18 14:41:00','2020-08-18 14:41:00'),(22,10270,0,'2020-08-18 14:50:06','2020-08-18 14:50:06'),(23,10700,0,'2020-08-18 15:11:22','2020-08-18 15:11:22'),(24,16009,0,'2020-08-18 22:14:48','2020-08-18 22:14:48'),(25,13948,0,'2020-08-18 22:15:58','2020-08-18 22:15:58'),(26,16336,0,'2020-08-18 22:16:35','2020-08-18 22:16:35'),(27,11494,0,'2020-08-21 21:59:39','2020-08-21 21:59:39'),(28,17647,0,'2020-08-21 22:17:33','2020-08-21 22:17:33'),(29,14993,0,'2020-08-21 22:19:17','2020-08-21 22:19:17'),(30,10377,0,'2020-08-21 22:24:33','2020-08-21 22:24:33'),(31,19547,0,'2020-08-21 22:26:21','2020-08-21 22:26:21'),(32,17999,0,'2020-08-21 22:37:05','2020-08-21 22:37:05'),(33,10361,0,'2020-08-21 22:38:41','2020-08-21 22:38:41'),(34,18934,0,'2020-08-21 22:39:35','2020-08-21 22:39:35'),(35,10134,0,'2020-08-21 22:40:57','2020-08-21 22:40:57'),(36,16606,0,'2020-08-21 22:41:55','2020-08-21 22:41:55'),(37,10648,0,'2020-08-21 22:42:36','2020-08-21 22:42:36'),(38,14058,0,'2020-08-21 22:44:47','2020-08-21 22:44:47'),(39,12000,0,'2020-08-21 22:45:10','2020-08-21 22:45:10'),(40,18997,0,'2020-08-21 22:46:28','2020-08-21 22:46:28'),(41,12503,0,'2020-08-21 22:46:58','2020-08-21 22:46:58'),(42,13111,0,'2020-08-21 22:47:30','2020-08-21 22:47:30'),(43,11271,0,'2020-08-21 22:48:16','2020-08-21 22:48:16'),(44,15916,0,'2020-08-21 22:48:31','2020-08-21 22:48:31'),(45,17077,0,'2020-08-21 22:48:51','2020-08-21 22:48:51'),(46,16488,0,'2020-08-21 22:49:27','2020-08-21 22:49:27'),(47,10266,0,'2020-08-23 00:08:30','2020-08-23 00:08:30'),(48,19061,0,'2020-08-23 00:10:44','2020-08-23 00:10:44'),(49,16347,0,'2020-08-23 00:12:26','2020-08-23 00:12:26'),(50,10700,0,'2020-08-23 00:15:16','2020-08-23 00:15:16'),(51,12694,0,'2020-08-23 00:16:22','2020-08-23 00:16:22'),(52,10771,0,'2020-08-23 00:17:00','2020-08-23 00:17:00'),(53,12025,0,'2020-08-23 00:17:44','2020-08-23 00:17:44'),(54,11337,0,'2020-08-23 00:18:18','2020-08-23 00:18:18'),(55,19492,0,'2020-08-23 00:18:58','2020-08-23 00:18:58'),(56,11539,0,'2020-08-23 00:19:21','2020-08-23 00:19:21'),(57,18658,0,'2020-08-23 19:58:24','2020-08-23 19:58:24'),(58,15453,0,'2020-08-23 20:00:40','2020-08-23 20:00:40'),(59,18675,0,'2020-08-23 20:02:14','2020-08-23 20:02:14'),(60,18760,16500,'2020-08-23 20:03:25','2020-08-23 20:03:25'),(61,13376,0,'2020-08-23 20:04:47','2020-08-23 20:04:47'),(62,16440,11000,'2020-08-23 20:09:45','2020-08-23 20:09:45'),(63,17000,0,'2020-08-23 20:20:25','2020-08-23 20:20:25'),(64,15308,0,'2020-08-23 20:24:33','2020-08-23 20:24:33'),(65,16733,0,'2020-08-23 20:30:16','2020-08-23 20:30:16'),(66,14384,11000,'2020-08-23 20:32:11','2020-08-23 20:32:11'),(67,17738,11000,'2020-08-23 20:34:53','2020-08-23 20:34:53'),(68,16905,0,'2020-08-23 20:36:16','2020-08-23 20:36:16'),(69,16244,0,'2020-08-23 20:37:48','2020-08-23 20:37:48'),(70,12915,0,'2020-08-23 20:38:16','2020-08-23 20:38:16'),(71,17339,0,'2020-08-23 20:39:27','2020-08-23 20:39:27'),(72,16196,27500,'2020-08-23 20:40:28','2020-08-23 20:40:28'),(73,18784,88000,'2020-08-23 20:44:15','2020-08-23 20:44:15'),(74,11879,0,'2020-08-27 20:23:08','2020-08-27 20:23:08'),(75,16105,0,'2020-08-27 20:23:14','2020-08-27 20:23:14'),(76,11100,0,'2020-08-27 20:25:08','2020-08-27 20:25:08'),(77,19838,0,'2020-08-27 20:25:14','2020-08-27 20:25:14'),(78,14428,0,'2020-08-27 21:02:40','2020-08-27 21:02:40'),(79,19952,0,'2020-08-27 21:04:40','2020-08-27 21:04:40'),(80,17090,0,'2020-08-27 22:06:04','2020-08-27 22:06:04'),(81,18547,0,'2020-08-27 22:08:04','2020-08-27 22:08:04'),(82,10888,60500,'2020-08-28 16:07:19','2020-08-28 16:07:19'),(83,17113,0,'2020-08-28 16:29:55','2020-08-28 16:29:55'),(84,15248,0,'2020-08-28 16:29:55','2020-08-28 16:29:56'),(85,18927,0,'2020-08-28 16:31:55','2020-08-28 16:31:55'),(86,17038,0,'2020-08-28 16:31:55','2020-08-28 16:31:55'),(87,17456,0,'2020-08-28 16:36:50','2020-08-28 16:36:50'),(88,15076,0,'2020-08-28 16:38:50','2020-08-28 16:38:50'),(89,19538,44000,'2020-08-29 13:14:50','2020-08-29 13:14:52'),(90,15274,49500,'2020-08-29 13:23:45','2020-08-29 13:23:45'),(91,16573,49500,'2020-08-29 13:24:48','2020-08-29 13:24:48'),(92,12774,66000,'2020-08-29 13:45:46','2020-08-29 13:45:46'),(93,14782,66000,'2020-08-29 13:51:13','2020-08-29 13:51:14'),(94,17576,22000,'2020-08-29 13:52:04','2020-08-29 13:52:04'),(95,10602,60500,'2020-08-29 13:55:40','2020-08-29 13:55:41'),(96,19521,60500,'2020-08-29 13:57:08','2020-08-29 13:57:08'),(97,12745,60500,'2020-08-29 13:57:39','2020-08-29 13:57:39'),(98,12397,60500,'2020-08-29 14:00:15','2020-08-29 14:00:17'),(99,17687,27500,'2020-08-29 14:11:29','2020-08-29 14:11:29'),(100,15866,44000,'2020-08-29 14:12:02','2020-08-29 14:12:02'),(101,18301,11000,'2020-08-29 14:13:30','2020-08-29 14:13:30'),(102,17089,27500,'2020-08-29 14:16:26','2020-08-29 14:16:26'),(103,12005,44000,'2020-08-29 14:17:47','2020-08-29 14:17:47'),(104,18767,0,'2020-08-29 14:19:46','2020-08-29 14:19:46'),(105,16101,0,'2020-08-29 14:20:37','2020-08-29 14:20:37'),(106,11709,0,'2020-08-29 14:21:20','2020-08-29 14:21:20'),(107,13996,0,'2020-08-29 14:40:08','2020-08-29 14:40:08'),(108,19865,0,'2020-08-29 14:42:23','2020-08-29 14:42:23'),(109,16478,0,'2020-08-29 14:42:26','2020-08-29 14:42:26'),(110,13174,0,'2020-08-29 14:47:25','2020-08-29 14:47:25'),(111,13860,0,'2020-08-29 14:51:49','2020-08-29 14:51:49'),(112,12899,0,'2020-08-29 14:59:39','2020-08-29 14:59:39'),(113,15525,0,'2020-08-29 16:19:28','2020-08-29 16:19:29'),(114,18867,0,'2020-08-29 16:20:22','2020-08-29 16:20:22'),(115,13413,0,'2020-08-29 16:21:56','2020-08-29 16:21:56'),(116,18003,0,'2020-08-29 16:23:58','2020-08-29 16:23:58'),(117,18391,0,'2020-08-29 16:24:47','2020-08-29 16:24:47'),(118,19925,71500,'2020-08-29 16:25:02','2020-08-29 16:25:02'),(119,18454,0,'2020-08-29 16:28:56','2020-08-29 16:28:56'),(120,10874,60500,'2020-08-29 16:29:18','2020-08-29 16:29:18'),(121,10039,0,'2020-08-29 16:32:11','2020-08-29 16:32:11'),(122,14828,0,'2020-08-29 16:32:52','2020-08-29 16:32:52'),(123,19075,0,'2020-08-29 16:33:02','2020-08-29 16:33:02'),(124,13226,0,'2020-08-29 16:33:11','2020-08-29 16:33:11'),(125,13699,66000,'2020-08-29 16:34:00','2020-08-29 16:34:00'),(126,10002,113300,'2020-08-29 17:17:25','2020-08-29 17:17:25'),(127,14052,82500,'2020-08-29 17:19:59','2020-08-29 17:19:59'),(128,18151,33000,'2020-08-29 17:20:46','2020-08-29 17:20:46'),(129,11320,129800,'2020-08-29 17:24:15','2020-08-29 17:24:15'),(130,17969,88000,'2020-08-29 19:47:38','2020-08-29 19:47:38'),(131,10622,66000,'2020-08-30 01:03:40','2020-08-30 01:03:40');

#
# Structure for table "orders"
#

DROP TABLE IF EXISTS `orders`;
CREATE TABLE `orders` (
  `order_id` int(11) NOT NULL AUTO_INCREMENT,
  `history_id` int(11) NOT NULL,
  `product_id` int(11) NOT NULL,
  `order_qty` int(11) NOT NULL,
  `order_price` int(11) NOT NULL,
  `order_created_at` timestamp NOT NULL DEFAULT current_timestamp(),
  `order_updated_at` timestamp NOT NULL DEFAULT current_timestamp(),
  PRIMARY KEY (`order_id`)
) ENGINE=InnoDB AUTO_INCREMENT=167 DEFAULT CHARSET=utf8mb4;

#
# Data for table "orders"
#

INSERT INTO `orders` VALUES (1,0,11,1,10000,'2020-08-16 20:02:30','2020-08-16 20:02:30'),(2,0,12,1,15000,'2020-08-16 20:02:30','2020-08-16 20:02:30'),(3,0,11,1,10000,'2020-08-16 20:03:08','2020-08-16 20:03:08'),(4,0,12,1,15000,'2020-08-16 20:03:09','2020-08-16 20:03:09'),(5,0,14,1,33000,'2020-08-16 20:05:23','2020-08-16 20:05:23'),(6,0,15,1,28000,'2020-08-16 20:05:23','2020-08-16 20:05:23'),(7,19,12,1,15000,'2020-08-16 20:08:32','2020-08-16 20:08:32'),(8,19,13,1,5000,'2020-08-16 20:08:32','2020-08-16 20:08:32'),(9,20,17,1,60000,'2020-08-16 20:09:23','2020-08-16 20:09:23'),(10,20,18,1,60000,'2020-08-16 20:09:23','2020-08-16 20:09:23'),(11,21,15,1,20000,'2020-08-18 14:41:00','2020-08-18 14:41:00'),(12,21,16,1,25000,'2020-08-18 14:41:01','2020-08-18 14:41:01'),(13,22,16,1,15000,'2020-08-18 14:50:06','2020-08-18 14:50:06'),(14,22,17,1,20000,'2020-08-18 14:50:07','2020-08-18 14:50:07'),(15,23,17,1,10000,'2020-08-18 15:11:22','2020-08-18 15:11:22'),(16,23,28,1,20000,'2020-08-18 15:11:23','2020-08-18 15:11:23'),(17,24,13,1,15000,'2020-08-18 22:14:48','2020-08-18 22:14:48'),(18,24,14,1,25000,'2020-08-18 22:14:48','2020-08-18 22:14:48'),(19,25,12,1,5000,'2020-08-18 22:15:59','2020-08-18 22:15:59'),(20,25,13,1,2000,'2020-08-18 22:15:59','2020-08-18 22:15:59'),(21,26,18,1,55000,'2020-08-18 22:16:36','2020-08-18 22:16:36'),(22,26,19,1,22000,'2020-08-18 22:16:36','2020-08-18 22:16:36'),(23,27,11,2,30000,'2020-08-21 21:59:40','2020-08-21 21:59:40'),(24,27,12,2,20000,'2020-08-21 21:59:40','2020-08-21 21:59:40'),(26,28,13,2,10000,'2020-08-21 22:17:34','2020-08-21 22:17:34'),(27,29,17,3,45000,'2020-08-21 22:19:17','2020-08-21 22:19:17'),(28,29,18,2,10000,'2020-08-21 22:19:17','2020-08-21 22:19:17'),(29,30,17,3,45000,'2020-08-21 22:24:34','2020-08-21 22:24:34'),(30,30,18,2,10000,'2020-08-21 22:24:34','2020-08-21 22:24:34'),(31,31,13,1,25000,'2020-08-21 22:26:23','2020-08-21 22:26:23'),(32,31,14,1,15000,'2020-08-21 22:26:23','2020-08-21 22:26:23'),(33,32,19,3,15000,'2020-08-21 22:37:05','2020-08-21 22:37:05'),(34,32,20,2,30000,'2020-08-21 22:37:05','2020-08-21 22:37:05'),(35,33,19,3,15000,'2020-08-21 22:38:41','2020-08-21 22:38:41'),(36,33,20,2,30000,'2020-08-21 22:38:42','2020-08-21 22:38:42'),(37,34,19,3,15000,'2020-08-21 22:39:35','2020-08-21 22:39:35'),(38,34,20,2,30000,'2020-08-21 22:39:35','2020-08-21 22:39:35'),(39,35,19,3,15000,'2020-08-21 22:40:58','2020-08-21 22:40:58'),(40,35,20,2,30000,'2020-08-21 22:40:58','2020-08-21 22:40:58'),(41,36,19,3,15000,'2020-08-21 22:41:56','2020-08-21 22:41:56'),(42,36,20,2,30000,'2020-08-21 22:41:56','2020-08-21 22:41:56'),(43,37,19,3,15000,'2020-08-21 22:42:36','2020-08-21 22:42:36'),(44,37,20,2,30000,'2020-08-21 22:42:36','2020-08-21 22:42:36'),(45,38,19,3,15000,'2020-08-21 22:44:48','2020-08-21 22:44:48'),(46,38,20,2,30000,'2020-08-21 22:44:49','2020-08-21 22:44:49'),(47,39,19,3,15000,'2020-08-21 22:45:10','2020-08-21 22:45:10'),(48,39,20,2,30000,'2020-08-21 22:45:10','2020-08-21 22:45:10'),(49,40,19,3,15000,'2020-08-21 22:46:28','2020-08-21 22:46:28'),(50,40,20,2,30000,'2020-08-21 22:46:29','2020-08-21 22:46:29'),(51,41,19,3,15000,'2020-08-21 22:47:00','2020-08-21 22:47:00'),(52,41,20,2,30000,'2020-08-21 22:47:00','2020-08-21 22:47:00'),(53,42,19,3,15000,'2020-08-21 22:47:31','2020-08-21 22:47:31'),(54,42,20,2,30000,'2020-08-21 22:47:31','2020-08-21 22:47:31'),(55,43,19,3,15000,'2020-08-21 22:48:17','2020-08-21 22:48:17'),(56,43,20,2,30000,'2020-08-21 22:48:17','2020-08-21 22:48:17'),(57,44,19,3,15000,'2020-08-21 22:48:31','2020-08-21 22:48:31'),(58,44,20,2,30000,'2020-08-21 22:48:31','2020-08-21 22:48:31'),(59,45,19,3,15000,'2020-08-21 22:48:51','2020-08-21 22:48:51'),(60,45,20,2,30000,'2020-08-21 22:48:51','2020-08-21 22:48:51'),(61,46,19,3,15000,'2020-08-21 22:49:28','2020-08-21 22:49:28'),(62,46,20,2,30000,'2020-08-21 22:49:29','2020-08-21 22:49:29'),(63,47,15,2,10000,'2020-08-23 00:08:32','2020-08-23 00:08:32'),(64,47,16,2,14000,'2020-08-23 00:08:32','2020-08-23 00:08:32'),(65,48,11,2,112000,'2020-08-23 00:10:45','2020-08-23 00:10:45'),(66,48,2,2,18000,'2020-08-23 00:10:45','2020-08-23 00:10:45'),(67,49,11,2,112000,'2020-08-23 00:12:28','2020-08-23 00:12:28'),(68,49,2,2,18000,'2020-08-23 00:12:28','2020-08-23 00:12:28'),(69,50,11,2,2000,'2020-08-23 00:15:16','2020-08-23 00:15:16'),(70,50,2,2,6000,'2020-08-23 00:15:16','2020-08-23 00:15:16'),(71,51,11,2,6000,'2020-08-23 00:16:23','2020-08-23 00:16:23'),(72,51,2,2,10000,'2020-08-23 00:16:23','2020-08-23 00:16:23'),(73,52,11,2,20000,'2020-08-23 00:17:01','2020-08-23 00:17:01'),(74,52,2,2,30000,'2020-08-23 00:17:01','2020-08-23 00:17:01'),(75,53,11,2,26000,'2020-08-23 00:17:45','2020-08-23 00:17:45'),(76,53,2,2,24000,'2020-08-23 00:17:45','2020-08-23 00:17:45'),(77,54,11,2,26000,'2020-08-23 00:18:19','2020-08-23 00:18:19'),(78,54,2,2,24000,'2020-08-23 00:18:19','2020-08-23 00:18:19'),(79,55,11,2,26000,'2020-08-23 00:18:58','2020-08-23 00:18:58'),(80,55,2,2,24000,'2020-08-23 00:18:58','2020-08-23 00:18:58'),(81,56,11,2,26000,'2020-08-23 00:19:23','2020-08-23 00:19:23'),(82,56,2,2,24000,'2020-08-23 00:19:23','2020-08-23 00:19:23'),(83,57,14,2,22000,'2020-08-23 19:58:24','2020-08-23 19:58:24'),(84,57,12,2,20000,'2020-08-23 19:58:24','2020-08-23 19:58:24'),(85,58,15,3,15000,'2020-08-23 20:00:40','2020-08-23 20:00:40'),(86,58,16,2,10000,'2020-08-23 20:00:40','2020-08-23 20:00:40'),(87,59,15,3,15000,'2020-08-23 20:02:14','2020-08-23 20:02:14'),(88,59,16,2,10000,'2020-08-23 20:02:14','2020-08-23 20:02:14'),(89,60,20,3,30000,'2020-08-23 20:03:25','2020-08-23 20:03:25'),(90,60,21,2,10000,'2020-08-23 20:03:25','2020-08-23 20:03:25'),(91,61,20,3,30000,'2020-08-23 20:04:47','2020-08-23 20:04:47'),(92,61,21,2,10000,'2020-08-23 20:04:47','2020-08-23 20:04:47'),(93,62,20,1,5000,'2020-08-23 20:09:45','2020-08-23 20:09:45'),(94,62,21,2,10000,'2020-08-23 20:09:45','2020-08-23 20:09:45'),(95,66,24,3,15000,'2020-08-23 20:32:11','2020-08-23 20:32:11'),(96,66,25,2,10000,'2020-08-23 20:32:11','2020-08-23 20:32:11'),(97,67,11,2,10000,'2020-08-23 20:34:53','2020-08-23 20:34:53'),(98,67,12,1,5000,'2020-08-23 20:34:53','2020-08-23 20:34:53'),(99,68,11,2,10000,'2020-08-23 20:36:16','2020-08-23 20:36:16'),(100,68,12,1,5000,'2020-08-23 20:36:16','2020-08-23 20:36:16'),(101,69,11,2,10000,'2020-08-23 20:37:48','2020-08-23 20:37:48'),(102,69,12,1,10000,'2020-08-23 20:37:48','2020-08-23 20:37:48'),(103,70,11,2,10000,'2020-08-23 20:38:16','2020-08-23 20:38:16'),(104,70,12,1,10000,'2020-08-23 20:38:17','2020-08-23 20:38:17'),(105,71,11,2,10000,'2020-08-23 20:39:27','2020-08-23 20:39:27'),(106,71,12,1,10000,'2020-08-23 20:39:27','2020-08-23 20:39:27'),(107,72,22,3,15000,'2020-08-23 20:40:28','2020-08-23 20:40:28'),(108,72,23,2,10000,'2020-08-23 20:40:28','2020-08-23 20:40:28'),(109,73,26,3,30000,'2020-08-23 20:44:15','2020-08-23 20:44:15'),(110,73,27,5,50000,'2020-08-23 20:44:15','2020-08-23 20:44:15'),(111,82,11,3,15000,'2020-08-28 16:07:19','2020-08-28 16:07:19'),(112,82,12,4,40000,'2020-08-28 16:07:19','2020-08-28 16:07:19'),(113,89,13,2,10000,'2020-08-29 13:14:52','2020-08-29 13:14:52'),(114,89,12,2,30000,'2020-08-29 13:14:52','2020-08-29 13:14:52'),(115,90,13,3,15000,'2020-08-29 13:23:45','2020-08-29 13:23:45'),(116,90,12,2,30000,'2020-08-29 13:23:45','2020-08-29 13:23:45'),(117,91,13,3,15000,'2020-08-29 13:24:48','2020-08-29 13:24:48'),(118,91,12,2,30000,'2020-08-29 13:24:48','2020-08-29 13:24:48'),(119,92,11,3,30000,'2020-08-29 13:45:46','2020-08-29 13:45:46'),(120,92,12,2,30000,'2020-08-29 13:45:46','2020-08-29 13:45:46'),(121,93,11,3,30000,'2020-08-29 13:51:14','2020-08-29 13:51:14'),(122,93,12,2,30000,'2020-08-29 13:51:15','2020-08-29 13:51:15'),(123,94,13,2,10000,'2020-08-29 13:52:04','2020-08-29 13:52:04'),(124,94,11,1,10000,'2020-08-29 13:52:05','2020-08-29 13:52:05'),(125,95,11,3,15000,'2020-08-29 13:55:41','2020-08-29 13:55:41'),(126,95,12,4,40000,'2020-08-29 13:55:41','2020-08-29 13:55:41'),(127,96,11,3,15000,'2020-08-29 13:57:08','2020-08-29 13:57:08'),(128,96,12,4,40000,'2020-08-29 13:57:08','2020-08-29 13:57:08'),(129,97,11,3,15000,'2020-08-29 13:57:39','2020-08-29 13:57:39'),(130,97,12,4,40000,'2020-08-29 13:57:39','2020-08-29 13:57:39'),(131,98,11,3,15000,'2020-08-29 14:00:17','2020-08-29 14:00:17'),(132,98,12,4,40000,'2020-08-29 14:00:17','2020-08-29 14:00:17'),(133,99,13,2,10000,'2020-08-29 14:11:29','2020-08-29 14:11:29'),(134,99,12,1,15000,'2020-08-29 14:11:29','2020-08-29 14:11:29'),(135,100,13,2,10000,'2020-08-29 14:12:02','2020-08-29 14:12:02'),(136,100,12,2,30000,'2020-08-29 14:12:02','2020-08-29 14:12:02'),(137,101,13,2,10000,'2020-08-29 14:13:30','2020-08-29 14:13:30'),(138,102,13,3,15000,'2020-08-29 14:16:26','2020-08-29 14:16:26'),(139,102,11,1,10000,'2020-08-29 14:16:26','2020-08-29 14:16:26'),(140,103,13,2,10000,'2020-08-29 14:17:47','2020-08-29 14:17:47'),(141,103,12,2,30000,'2020-08-29 14:17:47','2020-08-29 14:17:47'),(142,118,13,3,15000,'2020-08-29 16:25:02','2020-08-29 16:25:02'),(143,118,12,2,30000,'2020-08-29 16:25:02','2020-08-29 16:25:02'),(144,118,11,2,20000,'2020-08-29 16:25:02','2020-08-29 16:25:02'),(145,120,13,2,10000,'2020-08-29 16:29:18','2020-08-29 16:29:18'),(146,120,12,1,15000,'2020-08-29 16:29:18','2020-08-29 16:29:18'),(147,120,11,3,30000,'2020-08-29 16:29:19','2020-08-29 16:29:19'),(148,125,11,3,30000,'2020-08-29 16:34:00','2020-08-29 16:34:00'),(149,125,12,2,30000,'2020-08-29 16:34:00','2020-08-29 16:34:00'),(150,126,13,2,10000,'2020-08-29 17:17:25','2020-08-29 17:17:25'),(151,126,14,1,33000,'2020-08-29 17:17:25','2020-08-29 17:17:25'),(152,126,16,2,60000,'2020-08-29 17:17:25','2020-08-29 17:17:25'),(153,127,13,3,15000,'2020-08-29 17:19:59','2020-08-29 17:19:59'),(154,127,12,2,30000,'2020-08-29 17:19:59','2020-08-29 17:19:59'),(155,127,16,1,30000,'2020-08-29 17:19:59','2020-08-29 17:19:59'),(156,128,13,2,10000,'2020-08-29 17:20:46','2020-08-29 17:20:46'),(157,128,11,2,20000,'2020-08-29 17:20:47','2020-08-29 17:20:47'),(158,129,12,1,15000,'2020-08-29 17:24:15','2020-08-29 17:24:15'),(159,129,13,2,10000,'2020-08-29 17:24:15','2020-08-29 17:24:15'),(160,129,14,1,33000,'2020-08-29 17:24:15','2020-08-29 17:24:15'),(161,129,18,1,60000,'2020-08-29 17:24:15','2020-08-29 17:24:15'),(162,130,13,4,20000,'2020-08-29 19:47:38','2020-08-29 19:47:38'),(163,130,11,3,30000,'2020-08-29 19:47:38','2020-08-29 19:47:38'),(164,130,12,2,30000,'2020-08-29 19:47:38','2020-08-29 19:47:38'),(165,131,11,3,30000,'2020-08-30 01:03:40','2020-08-30 01:03:40'),(166,131,12,2,30000,'2020-08-30 01:03:40','2020-08-30 01:03:40');

#
# Structure for table "product"
#

DROP TABLE IF EXISTS `product`;
CREATE TABLE `product` (
  `product_id` int(11) NOT NULL AUTO_INCREMENT,
  `category_id` int(11) NOT NULL,
  `product_name` varchar(100) NOT NULL,
  `product_harga` int(15) NOT NULL,
  `product_image` varchar(100) NOT NULL,
  `product_created_at` timestamp NOT NULL DEFAULT current_timestamp(),
  `product_updated_at` timestamp NOT NULL DEFAULT current_timestamp(),
  `product_status` int(1) NOT NULL,
  PRIMARY KEY (`product_id`)
) ENGINE=InnoDB AUTO_INCREMENT=33 DEFAULT CHARSET=utf8mb4;

#
# Data for table "product"
#

INSERT INTO `product` VALUES (11,1,'Expresso',10000,'img Expresso','2020-08-12 15:56:29','2020-08-12 20:55:44',1),(12,1,'Coffe Latte',15000,'img Coffe Latte','2020-08-12 15:56:59','2020-08-12 20:56:41',1),(13,1,'Cappucino',5000,'img Cappucino','2020-08-12 15:57:21','2020-08-12 20:57:35',1),(14,1,'Red Velvet Latte',33000,'img Red Velvet Latte','2020-08-12 20:44:34','2020-08-12 20:58:17',1),(15,2,'Choco Rhum',28000,'img Choco Rhum','2020-08-12 20:59:18','2020-08-12 20:59:18',1),(16,2,'Black Forest',30000,'img Black Forest','2020-08-12 21:00:03','2020-08-12 21:00:03',1),(17,2,'Chicken Katsu Dabu-dabu',60000,'img Chicken Katsu Dabu-dabu','2020-08-12 21:00:41','2020-08-12 21:00:41',1),(18,2,'Salmon Truffle Teriyaki',60000,'img Salmon Truffle Teriyaki','2020-08-12 21:01:20','2020-08-12 21:01:20',1),(19,2,'Wiener Schnitzel',69000,'img Wiener Schnitzel','2020-08-12 21:02:09','2020-08-12 21:02:09',1),(22,1,'Susu Kedelai',5000,'Img Sule','2020-08-21 15:27:19','2020-08-23 21:12:21',1),(27,2,'Nasi Padang',10000,'Img Nasi Padang','2020-08-23 21:11:15','2020-08-23 21:11:15',1),(28,1,'Ice Cendol',5000,'Img Ice Cendol','2020-08-23 22:11:46','2020-08-24 15:37:28',0),(29,1,'Ice Doger',50000,'Img Ice Doger','2020-08-24 11:32:15','2020-08-24 11:32:15',1),(30,2,'Kebab',13000,'Img Kebab','2020-08-24 15:44:04','2020-08-24 15:44:04',1),(31,2,'Bakso',12000,'Img Bakso','2020-08-24 15:46:16','2020-08-24 15:46:16',0),(32,1,'Ice Mix',5000,'Img Ice Mix','2020-08-24 15:49:17','2020-08-24 15:49:17',1);
